"0","# pos_categories <- gen_ai_function("
"0","#   sys_content ="
"0","#       ""you are reading a list of positive comments on a tablet product review. Choose 10 categories that describe the things a customer liked about the product. The categories should be only 1 or 2 words. Do not duplicate or choose similar categories. Provide your response as a comma seperated list. Do not use formatting."","
"0","#    user_content = pos_comments"
"0","#       )"
"0","# "
"0","# write.csv(pos_categories, ""pos_categories.csv"")"
"0",""
"0","pos_categories <- read.csv(""pos_categories.csv"")"
"0","pos_categories <- pos_categories$x"
"0",""
"0","print(pos_categories)"
"1","[1]"
"1"," ""price, speed, battery, display, easy, reading, parental controls, portable, apps, camera"""
"1","
"
