"","x"
"1","Top 5 reasons for positive reviews (with brief explanations)

- Great value for money
  - Many reviewers highlight the affordable price and “bang for the buck,” noting you get a lot of features for a low cost.

- Excellent reading experience / HD display
  - The screen quality is repeatedly praised (crisp text, vivid colors), making it a strong e-reader as well as a multimedia tablet.

- Versatility and feature-rich for the price
  - Reviews emphasize the device’s ability to handle books, movies, apps, email, web browsing, music, and more—plus family/kid-friendly features.

- Easy to use and beginner-friendly
  - Buyers frequently point out simple setup, intuitive navigation, and being comfortable for non-tech users or the elderly.

- Portable and well-suited for travel or everyday use
  - The compact, lightweight design and size make it easy to carry, read in bed, or travel with."
