"0","# pos_review_summary <- gen_ai_function("
"0","#   sys_content = ""you are reading a list of positive comments on a tablet product review. Summarize the the top 5 reasons for positive reviews with a short explanation"" ,"
"0","#   user_content= pos_comments"
"0","#   )"
"0","# "
"0","# write.csv(pos_review_summary, ""pos_review_summary.csv"")"
"0",""
"0","pos_review_summary <- read.csv(""pos_review_summary.csv"")"
"0","pos_review_summary$x"
"1","[1]"
"1"," ""Top 5 reasons for positive reviews (with brief explanations)\n\n- Great value for money\n  - Many reviewers highlight the affordable price and “bang for the buck,” noting you get a lot of features for a low cost.\n\n- Excellent reading experience / HD display\n  - The screen quality is repeatedly praised (crisp text, vivid colors), making it a strong e-reader as well as a multimedia tablet.\n\n- Versatility and feature-rich for the price\n  - Reviews emphasize the device’s ability to handle books, movies, apps, email, web browsing, music, and more—plus family/kid-friendly features.\n\n- Easy to use and beginner-friendly\n  - Buyers frequently point out simple setup, intuitive navigation, and being comfortable for non-tech users or the elderly.\n\n- Portable and well-suited for travel or everyday use\n  - The compact, lightweight design and size make it easy to carry, read in bed, or travel with."""
"1","
"
